"CustomerID","FirstName","LastName","Age","IsActive","LocationID"
"1","Mia","Moore","22","False","110"
"2","Emma","White","19","False","103"
"3","Isabella","White","51","False","106"
"4","Daniel","Taylor","18","True","103"
"5","Noah","Jones","56","True","101"
"6","Michael","Martinez","60","True","110"
"7","Daniel","Anderson","33","True","106"
"8","Olivia","Anderson","29","False","105"
"9","Evelyn","Wilson","61","False","109"
"10","Ava","Brown","64","True","108"
"11","Isabella","Anderson","39","True","105"
"12","Charlotte","Miller","24","True","106"
"13","Michael","Rodriguez","32","False","101"
"14","William","Williams","46","True","109"
"15","Sophia","Garcia","25","False","105"
"16","Sophia","Brown","60","True","108"
"17","Alexander","Anderson","52","False","110"
"18","William","Wilson","23","True","110"
"19","Abigail","Wilson","39","True","108"
"20","Benjamin","Johnson","21","True","110"
"21","William","Thomas","49","True","109"
"22","Evelyn","Johnson","27","True","106"
"23","James","Jones","20","True","110"
"24","James","Jones","25","True","108"
"25","Emma","Jones","21","False","108"
"26","Noah","Garcia","34","True","101"
"27","Daniel","Wilson","35","False","110"
"28","Isabella","Williams","61","False","101"
"29","Noah","White","62","True","102"
"30","Isabella","Thomas","66","False","105"
"31","Liam","Martin","22","False","108"
"32","Alexander","Smith","37","False","106"
"33","Daniel","Williams","19","False","105"
"34","Liam","Taylor","61","True","109"
"35","Liam","Hernandez","69","False","107"
"36","Isabella","Williams","63","True","108"
"37","Sophia","Hernandez","23","True","104"
"38","Ethan","Thomas","22","False","109"
"39","Henry","Jones","58","True","104"
"40","Alexander","Wilson","66","False","110"
"41","Liam","Brown","44","True","101"
"42","Noah","Moore","49","False","110"
"43","Emma","Hernandez","56","False","104"
"44","Henry","White","23","True","102"
"45","Michael","Davis","60","False","106"
"46","Noah","Williams","18","True","107"
"47","Ava","Taylor","21","True","106"
"48","Benjamin","Miller","30","False","105"
"49","Ava","White","32","True","105"
"50","Olivia","Martin","36","False","105"
"51","Abigail","Davis","49","False","102"
"52","Evelyn","Anderson","46","True","106"
"53","Abigail","Wilson","43","True","101"
"54","Noah","Taylor","57","False","109"
"55","Ava","White","41","True","109"
"56","Noah","Moore","19","False","101"
"57","Daniel","Jones","69","False","108"
"58","Benjamin","Jackson","39","False","109"
"59","Ethan","Anderson","58","True","107"
"60","Noah","Brown","55","False","104"
"61","Ava","Moore","63","True","110"
"62","William","Williams","46","True","102"
"63","Benjamin","Brown","67","True","101"
"64","Emma","Taylor","56","True","106"
"65","Henry","Garcia","43","True","107"
"66","Isabella","Thomas","20","True","109"
"67","Mia","White","59","False","110"
"68","Benjamin","Moore","18","False","104"
"69","Mia","Wilson","36","False","104"
"70","Charlotte","Wilson","64","False","101"
"71","Michael","Martin","58","False","106"
"72","Ethan","Jones","48","False","108"
"73","Alexander","Wilson","64","False","107"
"74","Henry","White","22","True","107"
"75","Emma","Johnson","20","False","109"
"76","Sophia","Smith","20","False","102"
"77","Ethan","Brown","57","False","105"
"78","Benjamin","Martinez","32","True","101"
"79","Olivia","Jones","35","False","108"
"80","James","Wilson","50","False","108"
"81","Emma","White","64","False","106"
"82","Amelia","Hernandez","51","False","107"
"83","Daniel","Jones","66","False","109"
"84","James","Thomas","32","True","101"
"85","Amelia","Thomas","46","False","106"
"86","James","Hernandez","64","True","104"
"87","William","White","46","False","102"
"88","Charlotte","Garcia","29","True","102"
"89","Liam","Brown","51","True","105"
"90","Liam","Wilson","26","True","106"
"91","William","White","55","False","101"
"92","Emma","Wilson","27","False","103"
"93","Sophia","Johnson","34","False","106"
"94","Isabella","Thomas","44","False","105"
"95","Amelia","Brown","52","False","106"
"96","Noah","Jackson","55","False","109"
"97","Amelia","Martin","40","False","105"
"98","Isabella","White","20","False","105"
"99","Ava","Garcia","41","True","104"
"100","Alexander","Thompson","50","False","105"
"101","Olivia","Moore","56","True","108"
"102","Olivia","Anderson","67","False","106"
"103","Henry","Miller","32","False","109"
"104","Evelyn","Johnson","57","True","104"
"105","Charlotte","Johnson","60","False","101"
"106","Ava","Garcia","28","True","103"
"107","Ethan","White","28","True","101"
"108","Amelia","Miller","53","False","105"
"109","Noah","Anderson","66","False","109"
"110","Charlotte","Jackson","65","True","110"
"111","Ethan","Martinez","59","True","106"
"112","Abigail","Jones","47","True","106"
"113","Henry","Johnson","57","True","107"
"114","Mia","Thomas","38","False","108"
"115","Ava","Thompson","34","False","107"
"116","Liam","Rodriguez","70","True","101"
"117","Michael","Martinez","53","False","110"
"118","Alexander","Davis","27","True","108"
"119","Alexander","Brown","38","True","102"
"120","Abigail","Johnson","62","True","103"
"121","Sophia","Johnson","20","False","105"
"122","Noah","Martinez","34","False","109"
"123","Sophia","White","31","False","104"
"124","James","Smith","47","False","105"
"125","James","Hernandez","53","False","106"
"126","Henry","Miller","55","False","105"
"127","Alexander","Davis","70","False","106"
"128","Sophia","Davis","52","True","101"
"129","Ava","Miller","63","False","105"
"130","Charlotte","Jones","56","False","101"
"131","Daniel","Jackson","43","True","103"
"132","Ethan","Taylor","38","True","105"
"133","Ava","Jones","55","False","105"
"134","Olivia","Thomas","29","False","110"
"135","Amelia","Wilson","51","False","106"
"136","Ava","Thompson","64","True","106"
"137","Ava","White","24","False","102"
"138","Michael","Rodriguez","21","False","104"
"139","Ethan","Moore","46","True","104"
"140","Abigail","Johnson","51","False","102"
"141","Abigail","Thompson","38","True","108"
"142","Ava","Anderson","59","True","110"
"143","Ethan","Miller","55","True","108"
"144","Daniel","Hernandez","59","True","106"
"145","Abigail","Anderson","25","False","104"
"146","Charlotte","White","59","False","101"
"147","Benjamin","Hernandez","47","True","106"
"148","William","Johnson","54","False","110"
"149","Amelia","Smith","37","False","103"
"150","Charlotte","Moore","24","True","104"
"151","Noah","Moore","49","False","109"
"152","Michael","Rodriguez","35","True","104"
"153","Ava","Jones","43","True","102"
"154","Daniel","White","67","False","102"
"155","Charlotte","Martinez","51","True","109"
"156","Charlotte","Johnson","19","True","108"
"157","James","Martinez","62","False","102"
"158","Amelia","Martinez","53","True","106"
"159","Mia","Johnson","53","True","110"
"160","Ava","Taylor","57","False","106"
"161","Liam","Jones","20","False","109"
"162","Liam","White","23","False","108"
"163","Olivia","Anderson","27","True","102"
"164","Mia","Rodriguez","34","True","107"
"165","Liam","Wilson","31","False","103"
"166","Daniel","Rodriguez","19","False","110"
"167","Liam","Smith","36","False","110"
"168","Liam","Martin","18","False","101"
"169","Charlotte","Williams","41","False","102"
"170","Ethan","Williams","53","False","105"
"171","William","Moore","32","True","110"
"172","Henry","Martin","31","True","104"
"173","Abigail","Smith","43","True","108"
"174","Emma","White","52","True","108"
"175","Emma","Martin","38","False","108"
"176","Evelyn","Martin","43","True","107"
"177","Ava","Jones","67","True","106"
"178","Alexander","Jackson","45","True","107"
"179","Benjamin","Wilson","60","False","105"
"180","Charlotte","Jones","23","True","104"
"181","Henry","Miller","26","True","105"
"182","Mia","Thomas","32","True","101"
"183","Benjamin","Thomas","23","True","107"
"184","Alexander","Garcia","60","True","101"
"185","Mia","Anderson","70","False","110"
"186","Emma","Rodriguez","25","True","101"
"187","Alexander","Moore","28","False","103"
"188","Alexander","Smith","48","False","108"
"189","Mia","Hernandez","48","True","109"
"190","Evelyn","Rodriguez","59","True","105"
"191","Emma","Taylor","31","False","104"
"192","Amelia","Martin","55","False","105"
"193","Noah","Brown","34","True","105"
"194","Ava","Johnson","34","False","104"
"195","Michael","Thomas","63","True","110"
"196","Evelyn","Jones","49","True","107"
"197","Sophia","Wilson","67","True","107"
"198","Olivia","Martinez","67","True","106"
"199","Henry","Johnson","68","True","108"
"200","Alexander","Miller","59","False","110"
"201","Benjamin","Thomas","54","False","102"
"202","Emma","Taylor","22","True","110"
"203","Charlotte","Moore","26","True","101"
"204","Benjamin","Davis","52","False","101"
"205","Henry","Moore","45","False","109"
"206","Ava","Martinez","42","False","103"
"207","Olivia","White","28","False","108"
"208","Alexander","Anderson","30","False","109"
"209","Amelia","Brown","43","False","106"
"210","Michael","Miller","21","True","102"
"211","Emma","Miller","34","False","108"
"212","Henry","Martin","36","True","107"
"213","William","Williams","61","True","105"
"214","Noah","Martinez","29","True","108"
"215","James","Williams","37","True","108"
"216","Henry","Miller","62","True","109"
"217","Noah","Thompson","25","False","109"
"218","Henry","Hernandez","69","True","110"
"219","James","Jones","25","True","103"
"220","Liam","Hernandez","32","False","106"
"221","Benjamin","Martinez","46","True","107"
"222","Alexander","Miller","55","True","103"
"223","Henry","Davis","61","True","103"
"224","Evelyn","Smith","53","False","103"
"225","Ava","Taylor","64","False","108"
"226","Mia","Taylor","56","True","102"
"227","Evelyn","White","60","False","106"
"228","Mia","Jones","18","True","105"
"229","James","Williams","34","True","108"
"230","Evelyn","Davis","21","True","103"
"231","Noah","Miller","23","False","103"
"232","Noah","Smith","53","True","101"
"233","Isabella","Miller","41","False","109"
"234","Ava","Martin","60","False","101"
"235","Michael","Miller","57","False","110"
"236","Olivia","White","59","False","106"
"237","Noah","Moore","28","False","103"
"238","Sophia","Davis","64","True","109"
"239","Mia","Williams","48","True","101"
"240","Michael","Thompson","43","True","110"
"241","Michael","Jones","19","True","106"
"242","Evelyn","Miller","23","True","101"
"243","Evelyn","White","32","False","106"
"244","Ava","Williams","19","True","103"
"245","James","Rodriguez","57","False","102"
"246","Abigail","Garcia","65","False","108"
"247","Olivia","Jones","36","False","110"
"248","Liam","Anderson","46","True","104"
"249","William","Thompson","57","True","105"
"250","Liam","Moore","58","False","102"
"251","Olivia","Wilson","41","False","102"
"252","Henry","Johnson","33","False","103"
"253","Alexander","Rodriguez","38","False","106"
"254","Evelyn","Jones","46","True","107"
"255","Emma","Rodriguez","68","True","101"
"256","Daniel","Jackson","38","True","105"
"257","William","Thompson","22","False","108"
"258","Liam","Martin","20","False","108"
"259","Michael","Jones","64","True","107"
"260","Isabella","Thompson","43","False","107"
"261","Henry","Williams","37","True","103"
"262","Noah","Anderson","69","False","104"
"263","Liam","Hernandez","51","True","102"
"264","Mia","Thompson","53","False","106"
"265","Benjamin","Davis","42","False","109"
"266","Charlotte","Thomas","63","True","104"
"267","Olivia","Martinez","70","True","105"
"268","Amelia","White","46","False","108"
"269","Emma","Martin","22","False","106"
"270","Benjamin","Davis","31","False","108"
"271","Ethan","Thompson","26","False","107"
"272","Evelyn","Davis","68","False","110"
"273","William","Davis","24","True","101"
"274","Noah","Jones","20","False","101"
"275","Noah","Jackson","34","True","105"
"276","William","Smith","58","False","110"
"277","Amelia","Garcia","63","False","108"
"278","Liam","Johnson","28","True","107"
"279","Henry","Martinez","48","True","105"
"280","Michael","Martin","24","True","110"
"281","Isabella","Rodriguez","40","True","109"
"282","William","Taylor","69","True","102"
"283","Olivia","Williams","60","False","107"
"284","Noah","Rodriguez","31","False","104"
"285","Noah","Thompson","22","False","101"
"286","Emma","Thomas","62","False","105"
"287","Daniel","Jackson","65","True","105"
"288","Olivia","Brown","45","True","105"
"289","Benjamin","Wilson","58","True","105"
"290","Isabella","Johnson","57","False","108"
"291","Noah","Brown","58","False","107"
"292","Olivia","Garcia","52","False","101"
"293","Daniel","Garcia","24","True","108"
"294","Alexander","Taylor","31","True","103"
"295","Sophia","Rodriguez","21","False","106"
"296","Olivia","Thomas","63","True","105"
"297","Emma","Davis","45","False","107"
"298","Daniel","Miller","39","True","108"
"299","Evelyn","Thompson","23","False","108"
"300","Isabella","Thompson","60","True","102"
"301","Emma","Taylor","55","True","107"
"302","Liam","Johnson","19","True","108"
"303","Benjamin","Miller","36","False","109"
"304","Sophia","Wilson","61","False","110"
"305","Mia","Thompson","21","False","108"
"306","Noah","Jackson","61","True","105"
"307","Abigail","Jones","33","False","108"
"308","Michael","Martinez","22","True","104"
"309","Liam","Smith","44","True","102"
"310","Isabella","Anderson","60","True","101"
"311","Henry","Jones","26","True","110"
"312","Evelyn","Martinez","39","False","109"
"313","Liam","Moore","25","True","109"
"314","Sophia","Jackson","25","True","104"
"315","Noah","Wilson","27","True","107"
"316","Alexander","White","31","False","102"
"317","Charlotte","Anderson","22","False","107"
"318","Emma","Hernandez","26","True","107"
"319","William","Smith","22","False","105"
"320","Charlotte","Jones","60","True","109"
"321","Mia","Garcia","57","False","107"
"322","Michael","Miller","39","True","106"
"323","Noah","Thomas","24","True","110"
"324","Evelyn","Martin","70","True","109"
"325","Noah","Thomas","53","True","106"
"326","Benjamin","Moore","28","False","103"
"327","James","Moore","57","True","104"
"328","Abigail","Thomas","24","False","102"
"329","Emma","Martinez","19","False","110"
"330","Liam","Smith","53","True","103"
"331","Benjamin","Smith","56","True","104"
"332","Michael","Wilson","22","True","106"
"333","Liam","Davis","69","False","107"
"334","Mia","White","67","True","102"
"335","James","Moore","38","False","106"
"336","Benjamin","Anderson","63","False","102"
"337","Noah","Garcia","57","False","110"
"338","Alexander","Anderson","23","False","101"
"339","Sophia","White","28","False","104"
"340","Isabella","Johnson","18","True","103"
"341","Emma","Martin","56","True","105"
"342","Daniel","Anderson","60","False","108"
"343","Evelyn","Martin","35","True","110"
"344","Liam","Garcia","53","True","108"
"345","Alexander","White","69","True","103"
"346","Ethan","Johnson","22","True","104"
"347","Isabella","Taylor","43","True","109"
"348","Ava","Moore","40","True","105"
"349","Noah","Thomas","51","False","110"
"350","Evelyn","Rodriguez","30","False","107"
"351","Benjamin","Rodriguez","63","True","105"
"352","Abigail","Taylor","34","True","105"
"353","Benjamin","Thompson","27","True","106"
"354","Liam","Johnson","52","False","105"
"355","Noah","Taylor","34","False","105"
"356","Ava","White","47","True","108"
"357","Abigail","Miller","52","True","110"
"358","Benjamin","White","44","False","110"
"359","Daniel","Jackson","48","True","107"
"360","Abigail","Brown","57","True","104"
"361","Olivia","Martin","24","True","108"
"362","Olivia","Thompson","55","False","107"
"363","Noah","Johnson","26","False","105"
"364","Amelia","Jones","39","True","102"
"365","Evelyn","Taylor","39","True","109"
"366","Michael","Thompson","66","True","106"
"367","Michael","Rodriguez","20","True","103"
"368","Ava","Rodriguez","31","True","105"
"369","Alexander","White","29","False","110"
"370","Mia","Moore","21","True","108"
"371","Henry","Jackson","31","True","101"
"372","Liam","Thomas","22","False","107"
"373","Daniel","Thomas","49","True","104"
"374","Mia","Wilson","49","False","106"
"375","Isabella","Smith","25","False","104"
"376","Abigail","Taylor","27","False","101"
"377","Alexander","Brown","27","True","110"
"378","Charlotte","Thomas","53","False","105"
"379","Liam","Jones","31","False","109"
"380","Isabella","Thompson","38","True","110"
"381","Noah","Smith","19","True","104"
"382","Isabella","Taylor","41","False","108"
"383","Noah","Martinez","46","True","103"
"384","Henry","Jackson","41","True","109"
"385","Alexander","Jones","63","True","104"
"386","James","Williams","38","True","104"
"387","Isabella","Thompson","58","False","109"
"388","William","Brown","25","True","107"
"389","Mia","Thomas","62","True","106"
"390","William","Martinez","23","False","102"
"391","James","Miller","38","False","103"
"392","Charlotte","Jackson","34","False","101"
"393","Liam","Smith","59","False","101"
"394","Isabella","Jones","35","False","107"
"395","Amelia","Garcia","43","False","102"
"396","Michael","Johnson","63","False","105"
"397","Daniel","Garcia","61","False","101"
"398","Michael","Jones","51","True","101"
"399","Ava","Thomas","42","False","101"
"400","Henry","Taylor","35","False","107"
"401","Charlotte","Johnson","46","False","103"
"402","Ava","White","24","False","102"
"403","Noah","Taylor","45","False","110"
"404","Liam","Taylor","43","False","105"
"405","Alexander","Jones","62","False","106"
"406","Liam","Wilson","26","True","109"
"407","Abigail","Miller","38","True","107"
"408","Sophia","Hernandez","22","False","105"
"409","Sophia","Anderson","56","False","108"
"410","James","White","31","False","103"
"411","Amelia","Jackson","69","False","104"
"412","Benjamin","White","18","False","109"
"413","Noah","Hernandez","55","True","104"
"414","Mia","Taylor","55","True","107"
"415","Alexander","White","55","False","107"
"416","Emma","Thompson","52","False","107"
"417","James","Smith","62","False","101"
"418","Emma","Martinez","37","False","103"
"419","Daniel","Martin","56","False","106"
"420","Benjamin","Taylor","33","True","109"
"421","William","Moore","47","False","109"
"422","Noah","Martin","30","False","107"
"423","Michael","Anderson","26","False","105"
"424","Amelia","Thompson","62","True","106"
"425","Benjamin","Anderson","52","True","104"
"426","Alexander","Miller","48","True","109"
"427","Liam","Martinez","35","False","107"
"428","Emma","Rodriguez","48","False","104"
"429","Emma","Moore","46","False","102"
"430","Michael","Jones","68","False","102"
"431","Sophia","Thompson","26","True","109"
"432","Noah","Williams","69","True","101"
"433","Evelyn","Jones","31","True","108"
"434","Abigail","Moore","45","True","101"
"435","Michael","Hernandez","19","False","107"
"436","Henry","Davis","37","False","106"
"437","Sophia","Hernandez","52","True","110"
"438","Noah","White","59","False","103"
"439","Emma","Moore","27","False","108"
"440","Evelyn","Jones","41","False","110"
"441","Alexander","Taylor","30","True","109"
"442","Alexander","Jackson","23","True","107"
"443","Alexander","Martinez","52","False","109"
"444","Ava","Davis","31","False","108"
"445","Olivia","Wilson","61","False","101"
"446","Mia","Moore","22","False","103"
"447","Mia","Jones","37","False","107"
"448","Olivia","Taylor","33","True","107"
"449","Alexander","Johnson","23","False","107"
"450","Henry","Thomas","59","True","101"
"451","Ava","Brown","66","True","101"
"452","Isabella","Jones","57","False","102"
"453","James","Garcia","39","False","105"
"454","Noah","Rodriguez","69","False","108"
"455","Daniel","Taylor","32","False","102"
"456","Olivia","Williams","63","True","107"
"457","Ava","Smith","45","False","106"
"458","Isabella","Martinez","41","False","101"
"459","Amelia","Smith","40","False","102"
"460","Evelyn","Thompson","54","True","103"
"461","Amelia","Brown","19","True","104"
"462","Abigail","Wilson","32","True","109"
"463","Isabella","Miller","54","False","108"
"464","Daniel","Taylor","60","True","109"
"465","Charlotte","Miller","55","False","108"
"466","Henry","Taylor","19","True","108"
"467","Benjamin","Garcia","64","False","106"
"468","Ethan","Jackson","20","True","109"
"469","Ava","Wilson","46","True","110"
"470","Ethan","Brown","53","False","107"
"471","Ethan","Brown","22","True","101"
"472","Noah","Taylor","42","True","102"
"473","Ava","Moore","68","False","105"
"474","Daniel","Thompson","47","True","108"
"475","William","Hernandez","55","True","105"
"476","Mia","Thomas","51","True","108"
"477","Amelia","Wilson","69","True","101"
"478","Benjamin","Jones","68","True","110"
"479","Abigail","Jackson","61","True","107"
"480","Sophia","Taylor","42","False","101"
"481","Emma","Moore","51","True","109"
"482","Emma","White","38","False","105"
"483","Liam","Johnson","53","True","103"
"484","Evelyn","Rodriguez","49","True","103"
"485","Sophia","Miller","67","False","106"
"486","Noah","Thomas","21","True","106"
"487","Ava","Hernandez","33","False","102"
"488","Charlotte","Jackson","41","False","106"
"489","Olivia","Taylor","41","True","108"
"490","Michael","Johnson","41","False","105"
"491","Emma","Anderson","41","False","109"
"492","Alexander","Williams","39","True","101"
"493","Evelyn","Garcia","61","True","109"
"494","Ava","Johnson","21","False","109"
"495","Amelia","Williams","37","True","104"
"496","Daniel","Miller","24","True","102"
"497","Henry","Brown","60","False","104"
"498","Charlotte","Williams","60","True","104"
"499","Sophia","White","38","True","101"
"500","Isabella","Anderson","59","True","104"
